epoch,step,test/adj_r2,test/loss_mse,test/r2
0,0,-2.4568402767181396,12.688790321350098,-2.4568402767181396
