{"_runtime":20,"_wandb":{"runtime":20},"_timestamp":1.7549872946006002e+09,"val/r2":-2.185469388961792,"trainer/global_step":1,"_step":1,"val/loss_mse":20.71054458618164,"epoch":1,"val/adj_r2":-2.185469388961792}