{"epoch":1,"_wandb":{"runtime":20},"val/loss_mse":9.712904930114746,"trainer/global_step":1,"_runtime":20,"val/adj_r2":-1.3248491287231445,"_step":1,"_timestamp":1.7549868247410278e+09,"val/r2":-1.3248491287231445}