{"_step":10,"val/r2":-0.8218719363212585,"_wandb":{"runtime":35},"val/adj_r2":-0.8218719363212585,"epoch":10,"trainer/global_step":10,"val/loss_mse":17.862510681152344,"_runtime":35,"_timestamp":1.7549779199284658e+09}