{"val/adj_r2":-2.132401943206787,"_runtime":89,"_timestamp":1.7549789204331553e+09,"val/r2":-2.132401943206787,"epoch":17,"val/loss_mse":28.537548065185547,"_wandb":{"runtime":89},"_step":17,"trainer/global_step":17}