{"_timestamp":1.7549869882021174e+09,"_step":1,"val/loss_mse":17.58763885498047,"val/adj_r2":-2.2626678943634033,"epoch":1,"trainer/global_step":1,"_wandb":{"runtime":23},"val/r2":-2.2626678943634033,"_runtime":23}