{"val/r2":-1.3248491287231445,"_wandb":{"runtime":24},"epoch":1,"_timestamp":1.7549865764507847e+09,"_step":1,"val/adj_r2":-1.3248491287231445,"_runtime":24,"trainer/global_step":1,"val/loss_mse":9.712904930114746}